제목,저자,가격
나의 완벽한 장례식,조현선,"17,100원"
진보를 위한 주식투자,이광수,"19,800원"
박곰희 연금 부자 수업,박곰희,"18,900원"
괴테는 모든 것을 말했다,스즈키 유이,"15,300원"
ETS 토익 정기시험 기출문제집 1000 Vol. 5 RC,ETS,"19,800원"
ETS 토익 정기시험 기출문제집 1000 Vol. 5 LC,ETS,"19,800원"
죽은 왕녀를 위한 파반느 (양장 특별판),박민규,"18,000원"
자몽살구클럽,한로로,"10,800원"
"2026 큰별쌤 최태성의 별별한국사 한국사능력검정시험 심화(1,2,3급) 상",최태성,"17,100원"
너를 아끼며 살아라,나태주,"16,650원"
모순,양귀자,"11,700원"
돈의 방정식,모건 하우절,"25,200원"
자본주의 시대에서 살아남기 위한 최소한의 경제 공부,백억남(김욱현),"25,200원"
"1,000만 원으로 3년 안에 300만 원 월배당 만들기",인생업(임승현),"20,700원"
위버멘쉬,프리드리히 니체,"16,020원"
엄마가 유령이 되었어!,노부미,"10,800원"
안녕이라 그랬어,김애란,"15,120원"
"2026 큰별쌤 최태성의 별별한국사 한국사능력검정시험 심화(1,2,3급) 하",최태성,"16,650원"
최소한의 삼국지,최태성,"17,550원"
싯다르타,헤르만 헤세,"7,200원"
2026 심우철 실전 동형 모의고사 Season 2,심우철,"13,500원"
사이토 히토리의 어떻게 살 것인가,사이토 히토리,"11,700원"
돈의 심리학 (50만 부 기념 뉴 에디션),모건 하우절,"22,320원"
더블 클릭,알간지,"17,100원"
